<?xml version="1.0" encoding="UTF-8"?>
<addon id="skin.silvo.lite" version="7.0.4" name="S[COLOR yellow]i[/COLOR]LVO L[COLOR yellow]i[/COLOR]TE" provider-name="Terror Skins">
	<requires>
		<import addon="xbmc.gui" version="5.14.0" />
		<import addon="script.skinshortcuts" version="1.0.10" />
		<import addon="service.library.data.provider" version="0.0.7" />
		<import addon="script.grab.fanart" version="0.12.8" />
	</requires>
	<extension point="xbmc.gui.skin" debugging="false">
		<res width="1920" height="1080" aspect="16:9" default="true" folder="16x9" />
	</extension>
	<extension point="xbmc.addon.metadata">
		<summary>Created by S[COLOR yellow]i[/COLOR]LVO, Modded by Terror</summary>
		<description>Completely redesigned to create a smaller skin, while retaining the classic Aeon SiLVO feel.</description>
		<platform>all</platform>
		<license>CC BY-NC-SA 4.0</license>
		<assets>
			<icon>icon.png</icon>
			<fanart>fanart.jpg</fanart>
		</assets>
		<news>[I][COLOR FFFF9800]v7.0.4[/COLOR][/I][CR]-Add optional 3D Views for List, Tripanel, and InfoWall.[CR]-Add optional 3D Views for Apps and File Manager.[CR]-Fixed label 2 in list view.[CR]-Added Make it snow option.[CR]-New default background.[CR][I][COLOR FFFF9800]v7.0.3[/COLOR][/I][CR]-Set skin path for settings backgrounds.[CR][I][COLOR FFFF9800]v7.0.2.3[/COLOR][/I][CR]-Add mods for Keyboard, Context Menu, and Shutdown Menu.[CR][I][COLOR FFFF9800]v7.0.2.2[/COLOR][/I][CR]-Fixed Pictures fallback background, thanks to MikeSiLVO.[CR]-Fixed livecases, login, movies, and music backgrounds.[CR][I][COLOR FFFF9800]v7.0.2[/COLOR][/I][CR]- Strip down S[COLOR yellow]i[/COLOR]LVO and compress images</news>
	</extension>
</addon>